timestamp,date_GMT,status,attendance,home_team_name,away_team_name,referee,Game Week,Pre-Match PPG (Home),Pre-Match PPG (Away),home_ppg,away_ppg,home_team_goal_count,away_team_goal_count,total_goal_count,total_goals_at_half_time,home_team_goal_count_half_time,away_team_goal_count_half_time,home_team_goal_timings,away_team_goal_timings,home_team_corner_count,away_team_corner_count,home_team_yellow_cards,home_team_red_cards,away_team_yellow_cards,away_team_red_cards,home_team_first_half_cards,home_team_second_half_cards,away_team_first_half_cards,away_team_second_half_cards,home_team_shots,away_team_shots,home_team_shots_on_target,away_team_shots_on_target,home_team_shots_off_target,away_team_shots_off_target,home_team_fouls,away_team_fouls,home_team_possession,away_team_possession,Home Team Pre-Match xG,Away Team Pre-Match xG,team_a_xg,team_b_xg,average_goals_per_match_pre_match,btts_percentage_pre_match,over_15_percentage_pre_match,over_25_percentage_pre_match,over_35_percentage_pre_match,over_45_percentage_pre_match,over_15_HT_FHG_percentage_pre_match,over_05_HT_FHG_percentage_pre_match,over_15_2HG_percentage_pre_match,over_05_2HG_percentage_pre_match,average_corners_per_match_pre_match,average_cards_per_match_pre_match,odds_ft_home_team_win,odds_ft_draw,odds_ft_away_team_win,odds_ft_over15,odds_ft_over25,odds_ft_over35,odds_ft_over45,odds_btts_yes,odds_btts_no,stadium_name
1712404800,Apr 06 2024 - 12:00pm,complete,N/A,Gnistan,Inter Turku,Dennis Antamo,1,0.00,0.00,1.71,0.93,2,1,3,3,2,1,"9,35","4",1,10,1,0,0,0,1,0,0,0,5,10,2,4,3,5,12,7,50,50,0.00,0.00,0.78,1.47,0.00,0,0,0,0,0,0,0,0,0,0.00,0.00,3.50,3.50,1.98,1.25,1.75,2.90,5.25,1.68,2.05,Mustapekka Areena (Helsinki)
1712412000,Apr 06 2024 - 2:00pm,complete,N/A,Ilves,Lahti,Oskari Hämäläinen,1,0.00,0.00,2.29,0.50,0,0,0,0,0,0,"","",12,3,2,1,2,0,0,3,1,1,25,5,5,3,16,2,17,11,50,50,0.00,0.00,2.37,0.73,0.00,0,0,0,0,0,0,0,0,0,0.00,0.00,1.67,4.05,4.90,1.22,1.79,2.84,5.20,1.77,1.98,Tammelan Stadion (Tampere)
1712412000,Apr 06 2024 - 2:00pm,complete,N/A,SJK,Oulu,Mohammad Al Emara,1,0.00,0.00,1.57,0.54,2,1,3,1,1,0,"9,68","49",6,4,2,0,1,0,0,2,0,1,18,9,6,3,9,5,15,19,50,50,0.00,0.00,1.95,1.24,0.00,0,0,0,0,0,0,0,0,0,0.00,0.00,1.78,3.80,4.45,1.24,1.86,2.93,5.45,1.75,2.01,OmaSP Stadion (Seinäjoki)
1712412000,Apr 06 2024 - 2:00pm,complete,N/A,Mariehamn,EIF,Petri Viljanen,1,0.00,0.00,1.23,0.64,3,2,5,4,2,2,"6,9,84","8,18",4,0,3,0,5,0,1,2,1,4,11,9,0,2,7,4,11,17,50,50,0.00,0.00,1.18,0.98,0.00,0,0,0,0,0,0,0,0,0,0.00,0.00,1.75,3.55,4.30,1.22,1.76,2.75,4.90,1.68,2.05,Wiklöf Holding Arena (Maarianhamina (Mariehamn)- Ahvenanmaa (Åland))
1712412000,Apr 06 2024 - 2:00pm,complete,N/A,Haka,VPS,Peiman Simani,1,0.00,0.00,1.44,1.43,1,2,3,2,0,2,"68","8,18",6,4,1,1,1,0,1,1,0,1,11,2,3,2,7,0,11,10,50,50,0.00,0.00,1.39,0.62,0.00,0,0,0,0,0,0,0,0,0,0.00,0.00,2.44,3.35,2.94,1.28,2.03,3.28,6.30,1.77,1.98,Tehtaan kenttä (Valkeakoski)
1712419200,Apr 06 2024 - 4:00pm,complete,N/A,KuPS,HJK,Oliver Reitala,1,0.00,0.00,2.57,1.38,3,1,4,1,1,0,"25,66,77","90'7",8,5,2,0,1,0,1,1,0,1,11,9,5,7,3,1,11,16,50,50,0.00,0.00,1.32,1.40,0.00,0,0,0,0,0,0,0,0,0,0.00,0.00,3.31,3.41,2.25,1.31,2.00,3.50,6.70,1.83,1.91,Väre Areena (Kuopio)
1712847600,Apr 11 2024 - 3:00pm,complete,N/A,HJK,Lahti,Joona Manninen,2,0.00,1.00,1.93,0.50,4,0,4,2,2,0,"20,44,57,69","",4,4,2,0,1,0,1,1,1,0,33,13,9,2,15,9,14,7,50,50,0.00,0.73,2.63,1.16,0.00,0,0,0,0,0,0,0,0,0,3.00,2.00,1.47,4.30,6.00,1.20,1.67,2.60,4.33,1.80,1.85,Bolt Arena (Helsinki)
1712934000,Apr 12 2024 - 3:00pm,complete,N/A,Haka,EIF,Oskari Hämäläinen,2,0.00,0.00,1.44,0.64,2,1,3,1,1,0,"4,46","78",1,4,3,0,1,0,1,2,0,1,9,20,5,6,3,9,14,12,50,50,1.39,0.98,1.14,1.90,4.00,100,100,100,50,50,100,100,0,100,6.00,7.00,1.77,3.89,4.45,1.25,1.81,3.00,6.00,1.80,1.95,Tehtaan kenttä (Valkeakoski)
1712937600,Apr 12 2024 - 4:00pm,complete,N/A,VPS,SJK,Ville Nevalainen,2,0.00,0.00,1.36,1.47,1,1,2,0,0,0,"46","65",4,7,1,0,1,0,1,0,0,1,18,15,6,3,8,7,14,9,50,50,0.00,0.00,1.66,1.41,0.00,0,0,0,0,0,0,0,0,0,0.00,0.00,2.25,3.48,3.19,1.29,1.84,3.00,5.50,1.67,2.10,Lemonsoft Stadion (Vaasa)
1712941200,Apr 12 2024 - 5:00pm,complete,N/A,Inter Turku,Oulu,Peiman Simani,2,0.00,0.00,2.00,0.54,3,3,6,2,1,1,"13,60,78","3,69,90'6",5,4,3,0,4,0,1,2,0,4,11,16,6,6,4,7,13,8,50,50,0.00,1.24,1.37,1.67,1.50,50,50,50,0,0,0,50,50,50,4.00,1.00,1.70,3.60,4.10,1.20,1.65,2.60,4.50,1.65,2.10,Veritas Stadion (Turku (Åbo))
1713006000,Apr 13 2024 - 11:00am,complete,N/A,Ilves,Gnistan,Petri Viljanen,2,1.00,0.00,2.29,1.13,4,6,10,2,2,0,"36,40,66,81","60,68,73,78,85,90'4",6,5,3,0,4,0,1,2,1,3,10,9,5,3,4,5,9,18,50,50,2.37,0.00,1.40,1.02,0.00,0,0,0,0,0,0,0,0,0,12.00,3.00,1.73,3.50,4.50,1.30,1.90,3.20,6.50,1.80,1.95,Tammelan Stadion (Tampere)
1713016800,Apr 13 2024 - 2:00pm,complete,N/A,Mariehamn,KuPS,Dennis Antamo,2,3.00,0.00,1.23,1.54,2,2,4,2,1,1,"43,47","45'1,90'2",2,7,4,0,0,0,1,3,0,0,9,24,5,6,3,11,13,13,50,50,1.18,0.00,1.01,1.93,2.50,50,50,50,50,50,50,50,0,50,4.00,3.00,4.20,3.55,1.88,1.25,2.12,2.98,5.60,1.80,1.95,Wiklöf Holding Arena (Maarianhamina (Mariehamn)- Ahvenanmaa (Åland))
1713538800,Apr 19 2024 - 3:00pm,complete,N/A,SJK,Ilves,Joni Hyytiä,3,3.00,0.00,1.57,1.69,1,0,1,1,1,0,"34","",4,8,1,0,2,0,1,0,1,1,17,22,5,7,8,10,18,11,50,50,1.95,0.00,1.48,2.16,1.50,50,50,50,0,0,0,50,50,50,6.00,2.00,2.37,3.25,2.60,1.25,1.83,2.98,5.60,1.68,2.11,OmaSP Stadion (Seinäjoki)
1713538800,Apr 19 2024 - 3:00pm,complete,N/A,Inter Turku,KuPS,Oliver Reitala,3,1.00,1.00,2.00,1.54,1,1,2,1,1,0,"40","79",3,4,4,0,3,0,2,2,2,1,8,14,4,6,1,4,12,11,50,50,1.37,1.93,0.94,1.66,5.00,100,100,100,100,50,100,100,100,100,12.00,3.00,2.60,3.40,2.38,1.25,1.73,2.80,5.00,1.62,2.20,Veritas Stadion (Turku (Åbo))
1713614400,Apr 20 2024 - 12:00pm,complete,N/A,HJK,Mariehamn,Matti Roth,3,3.00,0.00,1.93,0.71,2,1,3,1,1,0,"11,66","89",9,2,3,0,1,0,1,2,0,1,24,7,7,4,8,3,13,10,50,50,2.63,0.00,2.14,1.11,2.00,0,50,50,50,0,50,50,50,50,4.00,2.00,1.31,5.20,8.40,1.18,1.61,2.50,4.33,1.95,1.75,Bolt Arena (Helsinki)
1713618900,Apr 20 2024 - 1:15pm,complete,N/A,Lahti,Haka,Kalle Mäkinen,3,0.00,0.00,1.31,1.33,1,1,2,1,0,1,"69","25",14,2,2,0,2,0,0,2,0,2,30,15,10,5,14,7,7,14,50,50,0.00,0.00,2.91,1.46,0.00,0,0,0,0,0,0,0,0,0,0.00,0.00,2.90,3.35,2.35,1.30,1.98,3.30,6.00,1.75,1.95,Tammelan Stadion (Tampere)
1713627000,Apr 20 2024 - 3:30pm,complete,N/A,VPS,Gnistan,Joona Manninen,3,1.00,3.00,1.36,1.13,3,2,5,3,2,1,"23,30,86","35,47",9,3,1,0,5,0,0,1,3,2,16,10,6,3,7,4,8,18,50,50,1.66,1.02,2.02,1.13,6.00,100,100,50,50,50,50,50,100,100,9.00,5.00,2.05,3.40,3.30,1.28,1.81,3.10,5.50,1.68,2.15,Lemonsoft Stadion (Vaasa)
1713713400,Apr 21 2024 - 3:30pm,complete,N/A,EIF,Oulu,Ville Nevalainen,3,0.00,0.50,0.77,0.54,1,1,2,1,1,0,"18","75",2,10,3,0,3,0,0,3,1,2,4,28,4,12,0,9,9,12,50,50,0.00,1.46,0.83,2.80,2.25,50,50,50,25,25,25,50,50,50,4.00,2.50,3.65,3.55,1.87,1.22,1.68,2.75,5.00,1.62,2.20,Myyrmäen jalkapallostadion (Vantaa)
1713974400,Apr 24 2024 - 4:00pm,complete,N/A,SJK,HJK,Peiman Simani,15,3.00,0.00,1.57,1.38,3,3,6,2,1,1,"7,53,88","45'3,57,62",12,7,2,0,2,0,0,2,2,0,15,12,6,5,6,5,10,13,50,50,1.71,1.40,1.60,1.42,3.00,75,75,75,50,0,0,100,75,75,10.00,2.50,2.75,3.20,2.25,1.24,1.75,2.93,5.45,1.68,2.11,OmaSP Stadion (Seinäjoki)
1714143600,Apr 26 2024 - 3:00pm,complete,N/A,Inter Turku,EIF,Mohammad Al Emara,4,1.00,0.00,2.00,0.64,2,1,3,1,1,0,"34,62","75",3,4,3,0,3,0,1,2,1,2,16,10,6,2,7,6,13,13,50,50,1.15,1.44,1.81,0.89,4.00,100,100,75,50,50,50,100,50,100,6.00,6.50,1.40,4.50,6.50,1.22,1.60,2.80,5.00,1.80,1.95,Veritas Stadion (Turku (Åbo))
1714219200,Apr 27 2024 - 12:00pm,complete,N/A,Haka,HJK,Dennis Antamo,4,1.50,0.50,1.44,1.38,1,1,2,1,1,0,"13","54",7,4,3,0,2,0,0,3,0,2,11,12,5,5,4,6,12,9,50,50,1.26,1.41,1.29,1.56,4.00,100,100,100,50,25,50,100,75,100,9.50,4.00,3.75,3.50,1.83,1.22,1.83,2.75,5.00,1.70,2.05,Tehtaan kenttä (Valkeakoski)
1714226400,Apr 27 2024 - 2:00pm,complete,N/A,Lahti,KuPS,Oskari Hämäläinen,4,1.00,1.00,1.31,1.54,0,1,1,1,0,1,"","19",7,2,2,1,0,0,1,2,0,0,7,9,0,4,5,4,12,7,50,50,2.91,1.80,0.89,1.29,2.50,100,100,25,25,0,25,100,25,100,19.50,3.50,4.00,3.50,1.70,1.30,1.85,3.50,7.00,1.85,1.90,Lahden Stadion (Lahti)
1714231800,Apr 27 2024 - 3:30pm,complete,N/A,Oulu,VPS,Joni Hyytiä,4,0.00,3.00,1.50,1.43,1,2,3,0,0,0,"71","59,82",4,10,3,0,5,0,3,0,2,3,9,24,5,8,3,9,16,12,50,50,0.00,0.62,1.29,2.26,1.50,50,50,50,0,0,50,50,0,50,4.00,1.00,3.00,3.30,2.05,1.23,1.73,2.80,5.00,1.62,2.15,Lemonsoft Stadion (Vaasa)
1714309200,Apr 28 2024 - 1:00pm,complete,N/A,Gnistan,SJK,Oliver Reitala,4,3.00,1.00,1.71,1.47,0,1,1,0,0,0,"","90",4,6,3,0,3,0,1,2,1,2,17,20,5,7,8,9,18,13,50,50,0.78,1.41,1.70,2.01,2.50,100,100,50,0,0,50,50,50,50,8.00,2.00,2.78,3.40,2.34,1.25,1.70,3.00,5.50,1.62,2.20,Mustapekka Areena (Helsinki)
1714318200,Apr 28 2024 - 3:30pm,complete,N/A,Mariehamn,Ilves,Ville Nevalainen,4,2.00,0.00,1.23,1.69,0,1,1,0,0,0,"","48",8,4,4,1,2,1,1,4,3,0,13,17,5,3,6,7,14,10,50,50,1.10,2.16,1.49,1.16,2.75,50,50,50,50,25,50,100,25,50,11.00,5.50,3.35,3.26,1.91,1.22,1.65,2.70,4.75,1.62,2.15,Wiklöf Holding Arena (Maarianhamina (Mariehamn)- Ahvenanmaa (Åland))
1714748400,May 03 2024 - 3:00pm,complete,N/A,VPS,Lahti,Dennis Antamo,5,2.00,0.50,1.36,0.50,3,0,3,0,0,0,"53,58,63","",7,1,0,0,2,0,0,0,0,2,26,9,10,2,12,5,9,6,50,50,1.84,0.95,2.57,0.88,2.75,50,75,50,50,25,50,50,75,75,10.00,2.50,1.63,3.80,4.50,1.23,1.73,2.75,4.90,1.75,1.95,Lemonsoft Stadion (Vaasa)
1714824000,May 04 2024 - 12:00pm,complete,N/A,Ilves,Oulu,Oliver Reitala,5,0.50,0.67,2.29,0.54,3,2,5,2,1,1,"8,67,70","18,63",9,2,4,0,4,0,0,4,3,1,26,8,9,4,12,2,13,20,50,50,1.88,1.90,2.51,0.88,4.34,75,75,59,42,42,42,75,59,75,15.00,5.67,1.67,3.75,3.90,1.20,1.73,2.68,4.85,1.69,2.09,Tammelan Stadion (Tampere)
1714831200,May 04 2024 - 2:00pm,complete,N/A,HJK,EIF,Ville Nevalainen,5,3.00,0.00,1.93,0.64,0,0,0,0,0,0,"","",11,3,1,0,2,0,0,1,1,1,26,6,7,2,13,3,9,8,50,50,2.39,1.26,2.43,0.72,3.59,75,100,100,42,17,42,100,84,100,9.17,5.50,1.18,6.50,11.50,1.12,1.47,2.33,3.60,2.20,1.62,Bolt Arena (Helsinki)
1714838400,May 04 2024 - 4:00pm,complete,N/A,SJK,KuPS,Joni Hyytiä,5,2.33,1.67,1.57,1.54,1,1,2,1,1,0,"25","78",3,2,4,0,1,0,0,4,0,1,12,10,3,4,4,5,21,16,50,50,1.67,1.63,1.10,1.44,2.83,67,67,50,33,17,33,100,50,67,11.66,2.67,2.65,3.20,2.50,1.28,1.94,3.15,5.75,1.73,2.03,OmaSP Stadion (Seinäjoki)
1714914000,May 05 2024 - 1:00pm,complete,N/A,Gnistan,Haka,Joona Manninen,5,1.50,1.00,1.71,1.33,0,3,3,2,0,2,"","2,23,71",7,3,4,0,1,0,1,3,1,0,18,17,8,8,6,6,17,16,50,50,1.24,1.46,2.08,1.89,2.00,75,75,25,0,0,25,75,0,75,4.50,4.00,2.40,3.30,2.66,1.28,1.80,3.25,6.00,1.70,2.05,Mustapekka Areena (Helsinki)
1714923000,May 05 2024 - 3:30pm,complete,N/A,Mariehamn,Inter Turku,Oskari Hämäläinen,5,1.33,0.00,1.23,0.93,3,1,4,1,0,1,"46,50,87","27",1,8,3,0,4,0,0,3,1,3,8,21,5,5,3,9,10,11,50,50,1.23,1.47,1.15,1.74,3.17,84,84,84,34,17,84,84,17,50,14.67,4.00,3.45,3.40,2.02,1.25,1.87,2.98,5.65,1.73,2.03,Wiklöf Holding Arena (Maarianhamina (Mariehamn)- Ahvenanmaa (Åland))
1715354100,May 10 2024 - 3:15pm,complete,N/A,KuPS,VPS,Oliver Reitala,6,3.00,3.00,2.57,1.43,2,1,3,0,0,0,"47,56","70",5,6,4,1,2,0,3,2,2,0,2,12,0,0,2,12,7,15,50,50,1.32,1.44,0.55,1.34,3.50,100,100,100,50,0,25,75,75,100,15.00,5.00,2.06,3.45,3.18,1.28,1.98,3.22,6.15,1.77,2.00,Väre Areena (Kuopio)
1715428800,May 11 2024 - 12:00pm,complete,N/A,Haka,SJK,Kalle Mäkinen,6,1.33,2.00,1.44,1.47,2,0,2,1,1,0,"31,66","",1,6,4,0,2,0,1,3,0,2,7,9,3,6,4,3,16,9,50,50,1.27,1.71,1.03,1.53,2.09,75,75,34,0,0,17,50,42,100,11.17,4.67,2.50,3.20,2.50,1.23,1.86,2.89,5.35,1.65,2.16,Tehtaan kenttä (Valkeakoski)
1715436000,May 11 2024 - 2:00pm,complete,N/A,Oulu,Gnistan,Peiman Simani,6,0.00,1.50,1.50,1.13,1,1,2,2,1,1,"40","32",5,2,2,0,3,0,0,2,1,2,11,3,3,0,6,2,12,15,50,50,1.29,1.08,1.36,0.69,5.25,100,100,100,50,50,50,50,100,100,8.00,7.50,2.05,3.55,3.20,1.20,1.57,2.60,4.50,1.50,2.50,Raatti Tekonurmi (Oulu)
1715443200,May 11 2024 - 4:00pm,complete,N/A,Inter Turku,HJK,Antti Munukka,6,1.67,0.67,2.00,1.38,0,1,1,1,0,1,"","39",9,5,2,1,1,0,0,3,1,0,18,4,8,2,7,2,11,10,50,50,1.37,1.46,2.11,0.74,3.84,100,100,67,50,33,33,100,67,100,9.00,5.00,3.34,3.64,2.08,1.21,1.77,2.76,5.00,1.64,2.17,Veritas Stadion (Turku (Åbo))
1715527800,May 12 2024 - 3:30pm,complete,N/A,EIF,Ilves,Mohammad Al Emara,6,1.00,1.50,0.77,1.69,0,2,2,1,0,1,"","40,80",0,8,3,0,2,0,0,3,0,2,6,13,3,6,3,4,12,13,50,50,0.83,1.66,0.88,1.65,1.50,50,50,0,0,0,0,75,0,75,8.00,5.50,4.87,4.00,1.61,1.22,1.76,2.80,5.00,1.75,2.00,Ekenäs Sparbank Arena TN (Raasepori (Raseborg))
1715527800,May 12 2024 - 3:30pm,complete,N/A,Lahti,Mariehamn,Kontinen Joona,6,0.50,0.00,1.31,0.71,3,0,3,2,2,0,"4,41,61","",5,5,2,0,4,1,0,2,0,5,12,4,8,2,1,2,17,12,50,50,1.90,1.11,1.46,0.73,2.25,75,75,50,0,0,0,100,50,75,12.50,4.00,2.38,3.10,2.75,1.36,1.91,4.00,8.00,1.85,1.90,Lahden Stadion (Lahti)
1715958000,May 17 2024 - 3:00pm,complete,N/A,HJK,VPS,Joni Hyytiä,7,2.33,2.00,1.93,1.43,1,2,3,1,0,1,"90'1","29,66",12,6,1,0,2,0,0,1,0,2,17,7,7,2,9,5,10,5,50,50,2.40,1.41,2.15,0.89,2.67,67,84,84,17,0,33,50,67,84,14.67,4.67,1.80,3.50,3.70,1.25,1.75,2.96,5.67,1.70,2.08,Bolt Arena (Helsinki)
1715958000,May 17 2024 - 3:00pm,complete,N/A,Oulu,Mariehamn,Ville Nevalainen,7,0.50,0.00,1.50,0.71,1,1,2,1,1,0,"24","77",4,5,3,0,3,0,0,3,1,2,16,13,5,3,10,7,19,17,50,50,1.32,0.92,1.69,1.15,2.75,75,100,75,0,0,50,75,50,75,8.00,5.50,1.75,3.40,3.80,1.22,1.73,2.84,5.25,1.70,2.08,Raatti Tekonurmi (Oulu)
1715961600,May 17 2024 - 4:00pm,complete,N/A,SJK,Inter Turku,Oliver Reitala,7,2.00,0.00,1.57,0.93,3,1,4,3,2,1,"16,44,78","4",4,9,2,0,3,0,0,2,0,3,15,8,5,2,9,6,12,14,50,50,1.53,1.61,1.55,0.98,3.25,88,88,75,38,13,38,100,50,63,15.25,4.25,2.20,3.40,2.70,1.24,1.75,2.85,5.00,1.67,2.10,OmaSP Stadion (Seinäjoki)
1715965200,May 17 2024 - 5:00pm,complete,N/A,Ilves,Haka,Antti Munukka,7,1.33,2.00,2.29,1.33,5,0,5,2,2,0,"34,38,49,72,86","",7,3,2,0,4,0,2,0,1,3,15,4,2,3,10,1,9,15,49,51,2.09,1.68,1.33,0.68,3.75,59,84,59,34,34,59,84,34,84,11.50,4.83,1.85,3.40,3.50,1.22,1.75,2.80,5.20,1.69,2.09,Tammelan Stadion (Tampere)
1716123600,May 19 2024 - 1:00pm,complete,N/A,Gnistan,KuPS,Dennis Antamo,7,1.00,1.50,1.71,1.54,0,0,0,0,0,0,"","",4,4,2,0,1,0,2,0,1,0,25,15,4,5,14,6,11,10,50,50,1.52,1.58,1.77,1.42,2.29,54,71,46,13,0,46,84,13,71,7.75,3.67,4.00,3.60,1.80,1.25,1.85,2.95,5.25,1.75,1.95,Mustapekka Areena (Helsinki)
1716132600,May 19 2024 - 3:30pm,complete,N/A,EIF,Lahti,Kontinen Joona,7,0.50,0.33,0.77,0.50,1,1,2,1,1,0,"35","73",6,3,3,1,2,0,2,2,0,2,9,8,5,3,4,5,16,6,50,50,0.85,0.92,1.32,1.05,2.17,25,84,34,17,0,17,67,34,84,3.67,4.67,2.75,3.25,2.38,1.38,2.15,3.80,7.00,1.90,1.82,Ekenäs Sparbank Arena TN (Raasepori (Raseborg))
1716390000,May 22 2024 - 3:00pm,complete,N/A,VPS,KuPS,Petri Viljanen,15,2.33,1.40,1.36,1.54,1,3,4,1,0,1,"63","21,49,59",3,7,3,0,0,0,1,2,0,0,10,24,3,6,6,15,13,6,50,50,2.08,1.55,1.09,2.14,2.57,64,80,44,27,17,27,57,60,80,10.47,1.67,2.30,3.10,2.70,1.33,2.05,3.60,6.50,1.80,1.95,Lemonsoft Stadion (Vaasa)
1716390000,May 22 2024 - 3:00pm,complete,N/A,HJK,Gnistan,Oliver Reitala,19,1.75,1.33,1.93,1.13,1,0,1,1,1,0,"13","",2,5,0,0,5,1,0,0,2,4,8,7,4,2,4,5,8,17,50,50,2.34,0.95,1.37,1.09,4.09,75,88,71,46,34,63,88,71,71,12.33,5.75,1.37,5.00,8.20,1.16,1.50,2.15,4.00,1.70,2.05,Bolt Arena (Helsinki)
1716397200,May 22 2024 - 5:00pm,complete,N/A,Ilves,Inter Turku,Peiman Simani,17,1.75,0.00,2.29,0.93,3,0,3,2,2,0,"15,34,90'5","",8,4,1,0,3,0,1,0,1,2,25,9,9,4,14,5,14,10,50,50,1.90,1.40,2.59,1.21,4.34,75,88,88,71,38,71,88,54,71,17.50,5.33,1.94,3.70,3.80,1.22,1.62,2.85,5.00,1.63,2.25,Tammelan Stadion (Tampere)
1716562800,May 24 2024 - 3:00pm,complete,N/A,Haka,Oulu,Antti Munukka,8,1.75,0.50,1.44,0.54,4,3,7,1,1,0,"42,58,78,83","62,86,90'1",18,10,3,0,1,0,0,3,0,1,17,14,11,8,6,6,7,7,50,50,1.21,1.65,2.32,1.95,3.25,88,100,63,25,25,38,100,50,100,8.75,6.00,2.08,3.20,3.20,1.22,1.84,2.84,5.20,1.68,2.11,Tehtaan kenttä (Valkeakoski)
1716645600,May 25 2024 - 2:00pm,complete,N/A,HJK,Ilves,Oskari Hämäläinen,8,2.00,2.00,1.93,1.69,1,1,2,1,0,1,"66","24",6,8,3,0,4,0,1,2,1,3,10,13,3,3,6,7,6,5,50,50,2.14,1.66,1.21,1.21,1.77,20,47,30,10,0,10,74,30,64,14.27,3.73,1.73,3.75,3.75,1.16,1.50,2.25,4.00,1.50,2.50,Bolt Arena (Helsinki)
1716737400,May 26 2024 - 3:30pm,complete,N/A,Mariehamn,Gnistan,Joona Manninen,8,1.75,1.00,1.23,1.13,1,1,2,2,1,1,"16","26",3,8,2,0,4,0,1,1,1,3,7,14,3,5,4,9,10,19,50,50,1.21,0.98,1.11,1.79,4.00,75,75,63,63,38,63,88,50,75,7.50,8.25,2.14,3.40,3.00,1.17,1.75,2.25,4.00,1.44,2.63,Wiklöf Holding Arena (Maarianhamina (Mariehamn)- Ahvenanmaa (Åland))
1716737400,May 26 2024 - 3:30pm,complete,N/A,KuPS,EIF,Matti Roth,8,3.00,0.25,2.57,0.64,4,1,5,3,2,1,"22,45,58,70","30",9,5,0,0,4,0,0,0,2,2,16,13,9,5,7,6,9,8,50,50,0.93,1.12,2.21,1.50,3.13,88,88,88,38,13,13,63,75,88,9.25,6.25,1.23,5.50,9.98,1.25,1.76,3.10,6.00,2.05,1.70,Väre Areena (Kuopio)
1716822000,May 27 2024 - 3:00pm,complete,N/A,Lahti,SJK,Peiman Simani,8,1.33,1.33,1.31,1.47,0,4,4,4,0,4,"","9,14,28,43",5,5,1,0,2,0,0,1,1,1,8,15,3,6,5,6,17,16,50,50,1.75,1.65,1.06,1.54,1.84,33,67,17,0,0,17,67,17,84,15.00,4.67,3.45,3.22,2.04,1.26,1.78,3.10,5.85,1.80,1.95,Lahden Stadion (Lahti)
1716822000,May 27 2024 - 3:00pm,complete,N/A,VPS,Inter Turku,Oliver Reitala,8,1.75,0.00,1.36,0.93,3,1,4,2,2,0,"17,26,90'3","90'2",7,5,2,0,2,0,1,1,0,2,21,18,7,6,12,10,14,18,50,50,1.84,1.35,2.20,1.98,3.50,75,100,88,50,13,50,75,63,88,13.50,3.75,1.90,3.60,3.50,1.22,1.70,2.85,5.00,1.62,2.20,Lemonsoft Stadion (Vaasa)
1717167600,May 31 2024 - 3:00pm,complete,N/A,Inter Turku,Haka,Dennis Antamo,9,1.25,1.33,2.00,1.33,3,1,4,2,2,0,"3,40,66","77",8,10,1,0,3,0,0,1,1,2,20,12,7,3,10,9,11,15,50,50,1.56,1.34,2.02,1.54,3.17,54,88,59,29,29,46,100,42,88,7.67,5.58,2.05,3.40,3.00,1.22,1.65,2.75,5.07,1.58,2.31,Veritas Stadion (Turku (Åbo))
1717167600,May 31 2024 - 3:00pm,complete,N/A,Ilves,KuPS,Joni Hyytiä,9,2.00,1.67,2.29,1.54,1,2,3,2,1,1,"34","5,90'4",3,9,1,1,4,0,1,1,1,3,11,13,3,4,8,9,14,14,50,50,2.04,1.64,1.28,1.53,3.39,54,74,57,47,30,49,82,47,74,12.73,3.43,2.26,3.50,3.22,1.29,1.91,3.00,5.50,1.70,2.05,Tammelan Stadion (Tampere)
1717167600,May 31 2024 - 3:00pm,complete,N/A,SJK,Mariehamn,Kalle Mäkinen,9,2.20,0.33,1.57,0.71,0,2,2,0,0,0,"","54,58",9,2,2,0,3,0,1,1,0,3,17,8,4,5,13,3,17,5,50,50,1.54,1.00,2.07,1.13,2.94,74,90,64,20,10,37,100,37,90,9.80,5.20,1.53,4.00,5.00,1.17,1.70,2.51,4.45,1.73,2.00,OmaSP Stadion (Seinäjoki)
1717174800,May 31 2024 - 5:00pm,complete,N/A,Oulu,HJK,Ville Nevalainen,9,0.67,1.25,1.50,1.38,1,0,1,1,1,0,"35","",4,4,3,0,2,1,0,3,1,2,5,9,3,2,2,6,15,18,50,50,1.45,1.28,0.81,1.03,2.79,88,88,42,25,13,29,84,42,71,9.58,4.17,4.00,3.60,1.70,1.20,1.60,2.60,4.50,1.68,2.13,Raatin stadion (Oulu)
1717333200,Jun 02 2024 - 1:00pm,complete,N/A,Gnistan,Lahti,Petri Viljanen,9,1.00,0.50,1.71,0.50,2,1,3,2,1,1,"31,64","32",6,2,2,0,2,0,2,0,1,1,15,10,8,3,7,7,19,15,50,50,1.58,0.96,2.01,1.17,2.00,25,63,50,13,0,38,50,25,63,6.75,4.25,2.07,3.45,3.25,1.28,1.91,3.30,6.00,1.75,2.05,Mustapekka Areena (Helsinki)
1717342200,Jun 02 2024 - 3:30pm,complete,N/A,EIF,VPS,Joona Manninen,9,0.67,2.25,0.77,1.43,1,2,3,0,0,0,"63","70,75",5,3,6,1,3,0,3,4,0,3,16,19,8,4,5,11,10,18,50,50,1.01,1.28,1.78,1.67,2.50,84,100,50,0,0,13,75,38,100,9.17,5.83,5.10,4.05,1.50,1.22,1.65,2.80,5.00,1.91,1.91,Ekenäs Sparbank Arena TN (Raasepori (Raseborg))
1717772400,Jun 07 2024 - 3:00pm,complete,N/A,VPS,Ilves,Peiman Simani,10,2.00,1.75,1.36,1.69,1,1,2,1,1,0,"41","73",9,9,1,0,1,0,1,0,1,0,15,18,5,4,8,10,11,4,50,50,1.91,1.55,1.62,1.74,2.55,53,75,40,30,10,20,68,50,88,13.00,4.15,2.80,3.48,2.41,1.22,1.80,2.80,5.15,1.67,2.10,Lemonsoft Stadion (Vaasa)
1717772400,Jun 07 2024 - 3:00pm,complete,N/A,Lahti,Inter Turku,Antti Munukka,10,1.00,0.00,1.31,0.93,0,2,2,1,0,1,"","33,89",2,8,1,0,2,0,1,0,0,2,14,18,4,4,8,10,11,11,50,50,1.58,1.47,1.22,1.53,3.05,53,88,75,43,0,65,100,20,65,14.95,4.65,2.54,3.45,2.69,1.22,1.80,2.84,5.20,1.67,2.10,Lahden Stadion (Lahti)
1717772400,Jun 07 2024 - 3:00pm,complete,N/A,Haka,Mariehamn,Matti Roth,10,2.00,1.00,1.44,0.71,2,0,2,1,1,0,"23,53","",3,5,3,0,1,0,2,1,0,1,9,16,4,5,5,10,14,6,50,50,1.44,1.03,1.12,1.77,2.95,65,100,55,10,10,23,88,45,100,10.10,6.00,1.79,3.90,4.25,1.25,1.80,3.10,5.50,1.70,2.10,Tehtaan kenttä (Valkeakoski)
1717779600,Jun 07 2024 - 5:00pm,complete,N/A,HJK,SJK,Oliver Reitala,10,1.83,1.75,1.93,1.47,4,1,5,2,1,1,"33,77,83,90'4","5",13,10,3,0,2,0,0,3,1,1,17,18,5,3,10,12,5,7,50,50,1.99,1.62,1.73,1.55,2.21,38,71,38,21,0,21,67,38,71,13.33,3.67,1.84,3.92,3.96,1.24,1.85,2.93,5.40,1.70,2.10,Bolt Arena (Helsinki)
1717855200,Jun 08 2024 - 2:00pm,complete,N/A,KuPS,Oulu,Kontinen Joona,10,3.00,0.40,2.57,0.54,4,1,5,1,1,0,"43,47,48,76","56",3,1,0,0,2,0,0,0,1,1,25,9,9,4,14,5,14,11,50,50,1.36,1.71,2.41,1.01,4.30,100,100,90,64,47,37,84,90,100,13.33,4.93,1.44,4.20,5.80,1.21,1.76,2.72,5.00,1.87,1.87,Väre Areena (Kuopio)
1717855200,Jun 08 2024 - 2:00pm,complete,N/A,EIF,Gnistan,Joni Hyytiä,10,0.50,1.00,0.77,1.13,1,0,1,0,0,0,"90","",4,4,4,0,2,0,3,1,0,2,12,14,5,6,4,6,9,15,50,50,1.20,1.14,1.33,1.62,3.13,78,90,33,20,20,40,88,33,70,7.85,8.65,3.00,3.40,2.10,1.22,1.81,2.84,5.25,1.70,2.05,Ekenäs Sparbank Arena TN (Raasepori (Raseborg))
1718204400,Jun 12 2024 - 3:00pm,complete,N/A,Mariehamn,VPS,Oliver Reitala,11,1.60,2.40,1.23,1.43,0,0,0,0,0,0,"","",7,4,1,0,2,0,0,1,1,1,10,16,3,4,5,11,13,16,50,50,1.19,1.35,1.10,1.74,3.10,90,90,80,30,10,40,60,60,90,9.40,6.00,3.70,3.45,1.89,1.29,1.88,3.20,5.75,1.80,1.91,Wiklöf Holding Arena (Maarianhamina (Mariehamn)- Ahvenanmaa (Åland))
1718204400,Jun 12 2024 - 3:00pm,complete,N/A,Inter Turku,Ilves,Joni Hyytiä,11,1.60,1.60,2.00,1.69,0,2,2,0,0,0,"","57,90'5",3,6,3,1,2,0,1,3,1,1,7,14,3,2,4,10,12,14,50,50,1.65,1.59,1.02,1.44,2.40,60,70,30,20,10,20,90,30,80,13.00,5.20,3.23,3.52,2.02,1.22,1.75,2.80,5.15,1.66,2.14,Veritas Stadion (Turku (Åbo))
1718204400,Jun 12 2024 - 3:00pm,complete,N/A,KuPS,Haka,Juho Nieminen,11,3.00,1.00,2.57,1.33,0,1,1,1,0,1,"","13",11,3,4,0,2,0,1,3,1,1,36,8,4,4,22,3,12,14,50,50,1.62,1.39,2.74,0.95,3.88,75,100,88,63,38,50,88,75,100,10.75,4.25,1.56,4.01,5.39,1.24,1.83,2.93,5.45,1.87,1.87,Väre Areena (Kuopio)
1718204400,Jun 12 2024 - 3:00pm,complete,N/A,SJK,EIF,Petri Viljanen,11,1.83,0.20,1.57,0.64,3,1,4,2,1,1,"16,49,90'1","36",5,5,2,0,1,0,0,2,0,1,31,10,12,2,14,6,16,13,50,50,1.63,1.20,3.10,1.17,3.10,74,82,65,37,29,37,82,55,82,9.53,5.17,1.32,5.05,7.25,1.17,1.55,2.40,4.00,1.85,1.85,OmaSP Stadion (Seinäjoki)
1718204400,Jun 12 2024 - 3:00pm,complete,N/A,Oulu,Lahti,Joona Manninen,11,1.25,0.40,1.50,0.50,2,2,4,2,1,1,"6,90'5","45,46",6,4,6,1,2,0,1,6,0,2,10,8,5,3,4,3,18,14,50,50,1.29,1.00,1.25,0.87,2.20,58,78,43,10,0,33,68,33,65,6.85,4.55,1.72,3.68,4.22,1.24,1.78,2.92,5.40,1.75,2.01,Raatin stadion (Oulu)
1718208000,Jun 12 2024 - 4:00pm,complete,N/A,Gnistan,HJK,Peiman Simani,11,1.40,1.00,1.71,1.38,0,4,4,2,0,2,"","2,35,82,90'1",4,5,1,0,1,0,0,1,1,0,12,20,4,10,7,7,7,7,50,50,1.67,1.23,1.48,2.16,2.40,50,60,50,20,10,40,80,20,60,9.40,4.40,4.70,3.88,1.62,1.22,1.72,2.70,4.75,1.75,1.95,Mustapekka Areena (Helsinki)
1718820000,Jun 19 2024 - 6:00pm,complete,N/A,Lahti,Gnistan,Oliver Reitala,12,0.80,0.83,1.31,1.13,3,3,6,3,1,2,"21,50,61","5,29,90",4,5,3,0,0,0,1,2,0,0,13,20,5,9,5,10,10,12,50,50,1.51,1.22,1.32,2.30,2.95,44,74,37,27,17,54,92,17,55,11.10,6.00,2.91,3.15,2.39,1.30,2.05,3.30,6.20,1.70,2.00,Lahden Stadion (Lahti)
1718820000,Jun 19 2024 - 6:00pm,complete,N/A,Haka,Inter Turku,Dennis Antamo,12,2.17,0.50,1.44,0.93,0,0,0,0,0,0,"","",3,11,2,0,2,0,0,2,0,2,9,24,5,8,4,16,17,10,50,50,1.38,1.48,1.11,2.72,3.25,67,100,67,34,9,42,100,33,92,13.33,5.33,2.44,3.40,2.66,1.18,1.71,2.57,4.60,1.50,2.40,Tehtaan kenttä (Valkeakoski)
1718820000,Jun 19 2024 - 6:00pm,complete,N/A,VPS,Oulu,Joni Hyytiä,12,1.83,0.33,1.36,0.54,1,1,2,2,1,1,"14","28",5,1,1,0,1,0,0,1,0,1,14,16,3,8,10,5,4,13,50,50,1.86,1.59,1.77,1.74,4.00,92,100,75,59,42,33,84,83,100,11.67,3.83,1.61,3.90,4.95,1.17,1.93,2.50,4.20,1.70,2.08,Lemonsoft Stadion (Vaasa)
1718820000,Jun 19 2024 - 6:00pm,complete,N/A,Ilves,SJK,Mohammad Al Emara,12,1.67,1.40,2.29,1.47,2,2,4,2,1,1,"30,81","12,77",3,6,1,0,1,0,0,1,0,1,12,10,6,4,6,5,13,14,50,50,1.91,1.61,1.60,1.22,3.57,45,82,62,45,35,62,72,45,82,14.30,4.50,1.86,3.60,3.80,1.17,1.93,2.45,4.70,1.55,2.25,Tammelan Stadion (Tampere)
1718820000,Jun 19 2024 - 6:00pm,complete,N/A,EIF,Mariehamn,Ville Nevalainen,12,1.00,0.80,0.77,0.71,1,2,3,2,1,1,"39","31,65",2,7,3,1,1,0,1,3,0,1,8,14,2,6,5,6,8,13,50,50,1.23,1.18,0.67,1.40,2.20,50,90,30,0,0,10,70,30,100,7.20,6.80,2.79,3.15,2.46,1.34,2.10,3.66,7.20,1.86,1.88,Ekenäs Sparbank Arena TN (Raasepori (Raseborg))
1718820000,Jun 19 2024 - 6:00pm,complete,N/A,HJK,KuPS,Antti Munukka,12,2.00,1.86,1.93,1.54,3,1,4,1,0,1,"81,83,90'3","38",3,4,2,0,1,0,0,2,0,1,16,9,6,3,7,5,16,10,50,50,1.95,1.63,1.61,1.09,2.43,64,71,50,29,7,29,86,43,71,13.14,3.15,2.15,3.20,3.30,1.32,2.10,3.58,6.95,1.77,1.93,Bolt Arena (Helsinki)
1719586800,Jun 28 2024 - 3:00pm,complete,N/A,Inter Turku,VPS,Peiman Simani,13,1.33,2.17,2.00,1.43,3,1,4,2,2,0,"11,22,79","76",8,6,3,0,0,0,1,2,0,0,21,11,7,4,11,6,12,13,50,50,1.54,1.42,1.77,0.97,2.75,75,83,67,17,9,25,58,67,83,10.67,5.67,2.48,3.43,2.53,1.26,1.75,3.06,5.75,1.67,2.10,Veritas Stadion (Turku (Åbo))
1719594000,Jun 28 2024 - 5:00pm,complete,N/A,Oulu,KuPS,Mohammad Al Emara,13,1.20,1.63,1.50,1.54,1,0,1,0,0,0,"79","",1,7,3,0,0,0,1,2,0,0,10,15,2,2,7,8,10,4,50,50,1.28,1.56,0.93,1.41,2.45,78,78,45,29,0,33,84,39,68,9.48,4.85,3.72,3.56,1.98,1.19,1.77,2.64,4.75,1.70,2.05,Raatin stadion (Oulu)
1719651600,Jun 29 2024 - 9:00am,complete,N/A,SJK,Haka,Oliver Reitala,13,2.00,1.40,1.57,1.33,2,1,3,2,2,0,"33,41","57",7,5,3,0,2,0,1,2,0,2,17,15,5,4,11,9,14,10,50,50,1.84,1.30,1.82,1.54,3.07,56,83,59,42,17,52,93,49,83,10.34,4.54,1.73,4.00,4.20,1.18,1.64,2.35,4.50,1.57,2.25,OmaSP Stadion (Seinäjoki)
1719676800,Jun 29 2024 - 4:00pm,complete,N/A,Lahti,Ilves,Kalle Mäkinen,13,0.83,1.83,1.31,1.69,2,2,4,3,1,2,"3,82","14,31",4,6,4,0,3,0,3,1,0,3,12,19,4,7,8,11,14,20,50,50,1.47,1.56,1.44,2.16,2.34,33,75,25,17,9,25,84,17,75,13.34,4.50,6.25,4.50,1.46,1.20,1.70,2.62,4.70,1.91,1.91,Lahden Stadion (Lahti)
1719752400,Jun 30 2024 - 1:00pm,complete,N/A,Gnistan,EIF,Antti Munukka,13,1.17,0.17,1.71,0.64,1,2,3,1,0,1,"90'2","35,68",8,4,3,0,1,1,1,2,0,2,21,18,6,6,14,6,15,9,50,50,1.64,1.19,2.42,1.53,2.83,58,75,75,34,17,59,75,42,75,7.83,4.84,1.70,4.00,4.25,1.28,1.79,3.10,6.00,1.80,1.95,Mustapekka Areena (Helsinki)
1719752400,Jun 30 2024 - 1:00pm,complete,N/A,Mariehamn,HJK,Petri Viljanen,13,1.50,1.33,1.23,1.38,1,2,3,2,1,1,"28","5,64",5,6,2,0,1,0,2,0,0,1,10,12,4,3,6,8,12,17,50,50,1.17,1.39,1.46,1.56,2.84,59,67,50,50,17,42,84,42,67,9.17,4.83,5.75,3.95,1.55,1.28,1.90,3.30,6.00,1.91,1.91,Wiklöf Holding Arena (Maarianhamina (Mariehamn)- Ahvenanmaa (Åland))
1720267200,Jul 06 2024 - 12:00pm,complete,N/A,Ilves,HJK,Mohammad Al Emara,14,1.57,1.57,2.29,1.38,3,0,3,2,2,0,"4,13,77","",7,8,3,0,2,0,0,3,0,2,11,18,6,4,5,12,6,6,50,50,1.87,1.41,1.56,1.91,3.65,57,79,72,50,29,65,93,50,79,12.00,4.00,2.36,3.60,2.95,1.25,1.75,2.90,5.50,1.60,2.25,Tammelan Stadion (Tampere)
1720274400,Jul 06 2024 - 2:00pm,complete,N/A,VPS,EIF,Dennis Antamo,14,1.71,0.57,1.36,0.64,2,3,5,2,1,1,"36,90'8","22,68,87",3,5,1,1,2,0,1,1,1,1,16,12,4,7,11,5,9,11,50,50,1.85,1.24,1.75,1.62,3.22,86,93,72,43,22,43,79,71,86,9.86,4.00,1.27,5.60,9.60,1.20,1.66,2.70,4.75,2.05,1.75,Lemonsoft Stadion (Vaasa)
1720366200,Jul 07 2024 - 3:30pm,complete,N/A,Mariehamn,Haka,Juuso Vuorinen,14,1.29,1.17,1.23,1.33,0,3,3,2,0,2,"","18,24,81",4,2,2,0,3,0,0,2,1,2,14,8,7,3,6,5,8,14,50,50,1.21,1.34,1.67,0.98,2.86,61,77,62,38,16,62,86,31,77,8.62,5.19,2.35,3.18,2.77,1.30,2.00,3.40,6.50,1.75,2.05,Wiklöf Holding Arena (Maarianhamina (Mariehamn)- Ahvenanmaa (Åland))
1720366200,Jul 07 2024 - 3:30pm,complete,N/A,KuPS,Gnistan,Matti Roth,14,2.40,0.86,2.57,1.13,3,1,4,4,3,1,"14,20,29","32",2,7,2,0,0,0,0,2,0,0,13,14,5,7,7,6,6,9,50,50,1.85,1.38,1.53,1.87,3.73,76,76,62,52,42,46,83,62,69,11.77,5.63,1.41,4.20,6.40,1.22,1.68,2.85,5.00,1.87,1.87,Väre Areena (Kuopio)
1720450800,Jul 08 2024 - 3:00pm,complete,N/A,Oulu,SJK,Petri Viljanen,14,1.50,1.33,1.50,1.47,1,2,3,3,1,2,"8","41,45'3",5,6,2,0,2,0,0,2,0,2,11,15,7,4,3,10,22,9,50,50,1.22,1.54,1.40,1.51,2.59,59,75,42,34,9,42,67,42,75,10.67,5.33,3.04,3.23,2.04,1.22,1.72,2.75,5.00,1.57,2.30,Raatin stadion (Oulu)
1720450800,Jul 08 2024 - 3:00pm,complete,N/A,Inter Turku,Lahti,Joni Hyytiä,14,1.57,0.50,2.00,0.50,3,0,3,2,2,0,"3,35,64","",6,0,2,0,2,0,0,2,0,2,19,6,9,0,9,6,13,11,50,50,1.58,0.98,2.30,0.65,2.91,61,85,62,38,7,47,77,61,85,8.40,4.97,1.47,3.91,5.22,1.18,1.64,2.57,4.60,1.75,1.95,Veritas Stadion (Turku (Åbo))
1720965600,Jul 14 2024 - 2:00pm,complete,N/A,EIF,Inter Turku,Joona Manninen,15,0.83,0.57,0.77,0.93,0,7,7,2,0,2,"","25,34,54,78,81,86,90'1",3,2,2,0,3,0,1,1,2,1,7,11,0,8,7,2,12,12,50,50,1.13,1.66,0.78,1.52,2.52,62,85,52,22,0,37,77,23,86,11.03,6.62,5.20,3.92,1.48,1.18,1.62,2.54,4.50,1.80,1.95,Ekenäs Sparbank Arena TN (Raasepori (Raseborg))
1720971000,Jul 14 2024 - 3:30pm,complete,N/A,Lahti,Oulu,Peiman Simani,15,0.86,0.43,1.31,0.54,1,2,3,0,0,0,"46","74,79",7,1,4,0,1,0,1,3,0,1,17,9,8,3,7,4,14,9,50,50,1.47,1.61,1.94,0.94,3.72,72,93,64,50,36,50,100,43,79,10.43,4.72,2.88,3.17,2.18,1.28,1.89,3.20,6.00,1.70,2.05,Lahden Stadion (Lahti)
1721059200,Jul 15 2024 - 4:00pm,complete,N/A,Haka,Ilves,Dennis Antamo,15,2.00,1.71,1.44,1.69,4,3,7,3,1,2,"30,46,85,90'1","31,41,80",6,3,4,0,0,0,1,3,0,0,22,20,10,7,6,9,16,7,50,50,1.34,1.65,2.12,1.85,2.36,50,79,29,14,7,14,79,22,86,12.57,5.29,3.40,3.60,1.83,1.22,1.65,2.70,5.00,1.62,2.20,Tehtaan kenttä (Valkeakoski)
1721484000,Jul 20 2024 - 2:00pm,complete,N/A,HJK,Haka,Ville Nevalainen,16,2.13,1.43,1.93,1.33,2,0,2,1,1,0,"23,53","",6,4,0,0,4,0,0,0,1,3,21,10,10,2,8,7,8,20,50,50,1.91,1.29,1.89,0.85,2.88,53,81,67,34,14,48,94,46,81,11.50,4.31,1.57,3.75,5.25,1.22,1.71,2.75,5.00,1.80,1.95,Bolt Arena (Helsinki)
1721484000,Jul 20 2024 - 2:00pm,complete,N/A,Oulu,EIF,Oliver Reitala,16,1.29,0.88,1.50,0.64,2,0,2,0,0,0,"68,80","",3,3,2,1,0,0,0,3,0,0,6,13,6,3,0,7,8,14,50,50,1.25,1.29,1.01,1.27,2.90,80,80,66,32,19,47,80,52,73,7.89,5.92,1.66,3.70,4.35,1.18,1.75,2.61,4.65,1.75,2.00,Raatin stadion (Oulu)
1721563200,Jul 21 2024 - 12:00pm,complete,N/A,Mariehamn,SJK,Antti Munukka,16,1.13,1.57,1.23,1.47,0,4,4,0,0,0,"","59,67,82,87",2,10,3,1,3,0,2,2,2,1,4,31,0,10,4,17,13,7,50,50,1.27,1.54,0.41,3.01,2.88,60,81,60,41,14,60,73,34,73,10.82,4.61,4.50,3.90,1.74,1.25,1.73,2.95,5.50,1.70,2.05,Wiklöf Holding Arena (Maarianhamina (Mariehamn)- Ahvenanmaa (Åland))
1721570400,Jul 21 2024 - 2:00pm,complete,N/A,Ilves,VPS,Mohammad Al Emara,16,1.75,1.86,2.29,1.43,3,2,5,3,1,2,"10,77,90","34,45",2,7,2,1,3,0,2,1,0,3,9,18,4,4,5,11,4,5,50,50,1.83,1.35,1.17,1.67,3.42,68,87,87,32,19,59,66,61,87,12.45,4.52,1.64,3.56,4.00,1.18,1.62,2.55,4.33,1.62,2.20,Tammelan Stadion (Tampere)
1721575800,Jul 21 2024 - 3:30pm,complete,N/A,KuPS,Lahti,Petri Viljanen,16,2.50,0.43,2.57,0.50,1,0,1,0,0,0,"73","",5,6,1,0,1,0,0,1,1,0,6,2,3,0,3,2,14,8,50,50,1.79,0.93,1.24,0.48,3.19,63,85,77,48,17,45,77,55,77,8.76,4.03,1.40,4.50,6.50,1.22,1.73,2.95,5.50,2.00,1.75,Väre Areena (Kuopio)
1721660400,Jul 22 2024 - 3:00pm,complete,N/A,Inter Turku,Gnistan,Peiman Simani,16,1.75,0.75,2.00,1.13,2,2,4,2,1,1,"27,71","32,82",3,9,2,0,3,0,1,1,2,1,10,21,3,10,6,10,6,12,50,50,1.67,1.44,1.15,2.42,3.51,69,82,57,44,26,63,88,51,69,10.51,6.00,1.60,3.70,4.50,1.16,1.61,2.45,4.30,1.67,2.10,Veritas Stadion (Turku (Åbo))
1722088800,Jul 27 2024 - 2:00pm,complete,N/A,HJK,Oulu,Petri Viljanen,17,2.22,0.75,1.93,0.54,3,0,3,1,1,0,"45'4,66,72","",6,4,0,0,1,0,0,0,1,0,23,16,7,3,10,9,9,12,50,50,1.91,1.53,2.10,1.23,3.40,78,89,66,42,31,30,89,66,83,11.46,3.80,1.60,4.07,5.15,1.19,1.63,2.61,4.65,1.89,1.85,Bolt Arena (Helsinki)
1722088800,Jul 27 2024 - 2:00pm,complete,N/A,SJK,Lahti,Ville Nevalainen,17,2.13,0.38,1.57,0.50,5,5,10,4,2,2,"2,23,47,71,90'4","15,34,54,59,87",5,3,2,0,2,0,1,1,1,1,27,15,11,8,13,5,9,13,50,50,1.83,0.87,2.41,1.51,2.82,57,82,63,32,7,50,76,44,88,9.13,4.00,1.48,4.42,6.01,1.16,1.58,2.25,4.20,1.85,1.89,OmaSP Stadion (Seinäjoki)
1722168000,Jul 28 2024 - 12:00pm,complete,N/A,Haka,Gnistan,Joni Hyytiä,17,2.13,0.78,1.44,1.13,1,2,3,1,0,1,"71","9,68",13,7,1,0,3,0,0,1,0,3,24,9,9,4,15,5,9,12,50,50,1.44,1.55,2.76,1.16,3.57,71,83,53,41,29,52,89,41,72,10.96,6.00,2.23,3.70,2.80,1.16,1.61,2.40,4.20,1.52,2.43,Tehtaan kenttä (Valkeakoski)
1722175200,Jul 28 2024 - 2:00pm,complete,N/A,EIF,KuPS,Antti Munukka,17,0.71,1.44,0.77,1.54,1,2,3,1,1,0,"21","74,87",2,14,2,0,0,0,0,2,0,0,11,35,6,8,4,19,4,5,50,50,1.08,1.54,1.40,3.07,2.60,62,77,44,24,7,26,75,31,89,8.25,5.11,6.25,4.20,1.40,1.24,1.75,2.85,5.00,1.90,1.78,Ekenäs Sparbank Arena TN (Raasepori (Raseborg))
1722180600,Jul 28 2024 - 3:30pm,complete,N/A,VPS,Mariehamn,Mohammad Al Emara,17,1.50,1.17,1.36,0.71,2,1,3,1,1,0,"44,50","79",6,3,0,0,0,0,0,0,0,0,15,10,5,2,7,6,10,7,50,50,1.84,1.22,1.66,1.03,2.94,69,100,57,25,13,42,79,54,94,10.21,3.83,1.57,3.85,4.50,1.23,1.70,2.80,4.90,1.78,1.95,Lemonsoft Stadion (Vaasa)
1722610800,Aug 02 2024 - 3:00pm,complete,N/A,Inter Turku,Mariehamn,Joona Manninen,18,1.67,1.00,2.00,0.71,3,0,3,1,1,0,"44,72,78","",5,1,1,0,1,1,0,1,0,2,11,5,4,3,7,1,10,4,50,50,1.61,1.19,1.15,0.54,2.90,62,95,62,22,6,43,88,55,95,9.47,4.89,1.40,4.33,6.50,1.19,1.71,2.64,4.80,1.91,1.91,Veritas Stadion (Turku (Åbo))
1722700800,Aug 03 2024 - 4:00pm,complete,N/A,Lahti,HJK,Antti Munukka,18,0.75,1.38,1.31,1.38,2,1,3,2,1,1,"34,56","26",1,9,6,0,3,0,0,6,1,2,13,29,6,8,5,16,6,9,50,50,1.53,1.47,1.39,2.92,3.07,50,82,63,38,13,50,94,32,75,11.50,4.38,6.00,4.50,1.40,1.17,1.60,2.48,4.35,1.79,1.96,Lahden Stadion (Lahti)
1722776400,Aug 04 2024 - 1:00pm,complete,N/A,Oulu,Ilves,Dennis Antamo,18,1.50,1.50,1.50,1.69,0,1,1,0,0,0,"","55",1,4,2,1,2,0,3,0,1,1,11,8,4,4,5,3,13,8,50,50,1.22,1.67,1.04,1.41,2.44,57,75,32,19,7,32,69,32,76,10.50,5.38,4.10,3.80,1.75,1.17,1.68,2.50,4.40,1.62,2.20,Raatin stadion (Oulu)
1722785400,Aug 04 2024 - 3:30pm,complete,N/A,KuPS,SJK,Peiman Simani,18,2.57,1.75,2.57,1.47,2,1,3,1,1,0,"28,84","57",2,5,0,0,2,0,0,0,1,1,6,2,2,0,1,2,14,16,50,50,1.71,1.72,0.45,0.19,3.21,61,80,67,54,21,40,67,54,73,13.14,4.00,2.16,3.42,3.27,1.25,1.90,3.00,5.50,1.62,2.20,Väre Areena (Kuopio)
1722785400,Aug 04 2024 - 3:30pm,complete,N/A,EIF,Haka,Joni Hyytiä,18,0.63,1.25,0.77,1.33,1,2,3,1,1,0,"45'1","59,78",4,8,2,0,3,0,1,1,3,0,12,15,4,5,6,7,10,15,50,50,1.12,1.24,1.34,1.58,2.88,51,88,57,19,13,44,88,32,94,7.00,6.38,3.90,3.78,1.84,1.25,1.65,3.00,5.50,1.67,2.10,Ekenäs Sparbank Arena TN (Raasepori (Raseborg))
1722785400,Aug 04 2024 - 3:30pm,complete,N/A,Gnistan,VPS,Oliver Reitala,18,1.00,1.63,1.71,1.43,3,0,3,2,2,0,"18,31,69","",5,4,2,0,2,0,0,2,2,0,3,5,2,3,1,2,11,7,50,50,1.75,1.39,0.50,0.81,2.72,66,80,80,20,7,48,61,52,80,10.61,4.54,2.88,3.36,2.41,1.18,1.88,2.54,4.50,1.57,2.25,Bolt Arena (Helsinki)
1723215600,Aug 09 2024 - 3:00pm,complete,N/A,Lahti,EIF,Petri Viljanen,19,1.00,0.78,1.31,0.64,4,0,4,2,2,0,"6,38,89,90'1","",1,5,0,0,0,0,0,0,0,0,12,14,6,4,6,9,5,9,50,50,1.51,1.29,1.49,1.57,3.22,67,89,73,39,22,50,84,50,84,9.11,5.33,1.93,3.74,3.58,1.16,1.60,2.15,4.25,1.62,2.20,Lahden Stadion (Lahti)
1723298400,Aug 10 2024 - 2:00pm,complete,N/A,Oulu,Inter Turku,Mohammad Al Emara,19,1.33,0.88,1.50,0.93,1,0,1,1,1,0,"12","",2,3,1,0,1,0,0,1,1,0,5,16,2,6,3,10,8,10,50,50,1.20,1.64,0.63,1.92,2.75,53,78,54,31,7,48,72,36,71,10.80,5.60,3.40,3.50,1.95,1.24,1.80,2.93,5.45,1.75,2.00,Raatin stadion (Oulu)
1723377600,Aug 11 2024 - 12:00pm,complete,N/A,Ilves,Mariehamn,Oliver Reitala,19,1.89,0.88,2.29,0.71,2,0,2,1,1,0,"25,49","",6,3,2,0,3,0,0,2,1,2,11,6,7,4,3,2,14,8,50,50,1.76,1.11,1.35,0.80,3.43,53,95,76,28,22,57,89,53,95,10.08,4.56,1.37,4.90,7.40,1.16,1.51,2.25,4.15,1.91,1.91,Tammelan Stadion (Tampere)
1723384800,Aug 11 2024 - 2:00pm,complete,N/A,Haka,KuPS,Joona Manninen,19,1.89,1.60,1.44,1.54,2,2,4,2,0,2,"71,81","29,32",4,3,2,0,1,0,1,1,0,1,15,12,6,6,8,6,8,10,50,50,1.59,1.70,1.75,1.51,2.81,69,80,53,26,11,21,85,42,85,12.44,3.78,3.53,3.84,1.88,1.19,1.70,2.64,4.70,1.62,2.20,Tehtaan kenttä (Valkeakoski)
1723478400,Aug 12 2024 - 4:00pm,complete,N/A,SJK,VPS,Ville Nevalainen,19,2.00,1.44,1.57,1.43,3,1,4,2,2,0,"19,29,51","69",4,1,3,0,1,1,1,2,0,2,25,12,6,7,15,5,9,11,50,50,1.90,1.33,2.09,1.56,3.45,78,89,78,33,17,50,73,62,89,11.67,4.44,1.91,3.55,3.65,1.15,1.66,2.30,4.10,1.53,2.38,OmaSP Stadion (Seinäjoki)
1723821300,Aug 16 2024 - 3:15pm,complete,N/A,Inter Turku,SJK,Oliver Reitala,20,1.80,1.56,2.00,1.47,3,0,3,0,0,0,"76,88,90'1","",8,3,0,0,2,0,0,0,0,2,26,11,8,2,16,9,7,17,50,50,1.56,1.55,2.53,1.21,3.16,58,90,69,42,11,47,79,63,84,12.08,4.70,2.28,3.19,2.46,1.22,1.68,2.62,4.75,1.57,2.25,Veritas Stadion (Turku (Åbo))
1723986000,Aug 18 2024 - 1:00pm,complete,N/A,EIF,HJK,Dennis Antamo,20,0.56,1.22,0.77,1.38,0,3,3,0,0,0,"","56,72,79",5,5,3,0,1,0,1,2,0,1,14,20,5,8,9,12,16,16,50,50,1.15,1.63,1.68,2.26,2.95,62,84,62,22,11,39,89,39,89,9.00,5.45,6.30,4.60,1.42,1.18,1.57,2.60,4.50,1.91,1.91,Ekenäs Sparbank Arena TN (Raasepori (Raseborg))
1723986000,Aug 18 2024 - 1:00pm,complete,N/A,Gnistan,Oulu,Ville Nevalainen,20,1.25,0.67,1.71,0.54,2,0,2,2,2,0,"9,43","",2,1,1,0,1,0,0,1,1,0,22,8,10,3,9,4,13,13,50,50,1.59,1.49,2.28,0.91,3.25,64,88,77,29,22,48,82,52,82,8.99,4.25,2.12,3.50,3.10,1.22,1.81,2.84,5.20,1.67,2.10,Bolt Arena (Helsinki)
1723986000,Aug 18 2024 - 1:00pm,complete,N/A,KuPS,Ilves,Mohammad Al Emara,20,2.63,1.67,2.57,1.69,1,0,1,0,0,0,"73","",5,2,2,0,3,0,1,1,1,2,14,11,5,3,6,7,12,10,47,53,1.56,1.64,1.35,1.20,2.85,60,71,49,36,18,24,71,43,82,11.85,3.86,2.20,3.30,3.00,1.22,1.85,3.10,5.70,1.67,2.10,Väre Areena (Kuopio)
1723995000,Aug 18 2024 - 3:30pm,complete,N/A,Mariehamn,Lahti,N/A,20,1.00,0.44,1.23,0.50,0,0,0,0,0,0,"","",9,1,2,0,1,0,2,0,1,0,22,5,5,2,15,3,7,7,50,50,1.18,0.95,2.25,0.78,3.11,50,78,67,39,11,56,67,39,84,6.89,4.78,2.04,3.18,2.81,1.22,1.90,2.90,5.30,1.70,2.05,Wiklöf Holding Arena (Maarianhamina (Mariehamn)- Ahvenanmaa (Åland))
1723995000,Aug 18 2024 - 3:30pm,complete,N/A,VPS,Haka,Peiman Simani,20,1.67,1.44,1.36,1.33,3,2,5,0,0,0,"71,90,90'2","50,56",7,3,0,0,3,1,0,0,2,2,16,13,7,6,6,5,10,12,50,50,1.82,1.27,1.75,1.41,3.11,67,95,67,33,17,50,89,56,89,10.33,4.00,2.18,3.26,2.54,1.14,1.58,2.44,3.98,1.53,2.38,Lemonsoft Stadion (Vaasa)
1724252400,Aug 21 2024 - 3:00pm,complete,N/A,Gnistan,Mariehamn,Dennis Antamo,15,1.44,0.78,1.71,0.71,2,1,3,1,0,1,"47,84","7",10,1,2,0,2,0,1,1,1,1,12,4,2,3,8,1,7,7,50,50,1.67,1.08,1.26,0.65,2.50,39,89,62,6,0,45,84,33,84,8.23,4.22,1.80,3.54,4.05,1.23,1.85,2.89,5.45,1.83,2.20,Bolt Arena (Helsinki)
1724508000,Aug 24 2024 - 2:00pm,complete,N/A,Oulu,Haka,Dennis Antamo,21,1.50,1.30,1.50,1.33,0,1,1,1,0,1,"","19",7,4,2,0,3,0,1,1,2,1,10,9,3,5,7,4,10,8,50,50,1.14,1.29,1.30,1.25,2.55,50,75,50,20,10,40,75,35,75,7.80,5.90,2.50,3.25,2.70,1.24,1.86,2.89,5.35,1.65,2.18,Raatin stadion (Oulu)
1724508000,Aug 24 2024 - 2:00pm,complete,N/A,Ilves,EIF,Ville Nevalainen,21,2.00,0.70,2.29,0.64,5,0,5,4,4,0,"11,18,30,34,52","",6,3,2,0,1,0,0,2,0,1,16,10,9,2,7,8,10,9,50,50,1.71,1.32,2.15,1.03,3.70,60,90,80,50,35,65,85,65,90,10.10,4.60,1.17,6.50,11.00,1.08,1.36,1.85,2.93,1.91,1.80,Tammelan Stadion (Tampere)
1724590800,Aug 25 2024 - 1:00pm,complete,N/A,HJK,Inter Turku,Peiman Simani,21,2.30,0.78,1.93,0.93,1,0,1,0,0,0,"71","",4,4,2,0,0,0,1,1,0,0,20,16,5,6,12,7,5,3,50,50,1.93,1.67,1.74,1.50,2.91,47,79,64,37,11,38,90,47,74,13.87,3.72,2.00,3.30,3.40,1.23,1.80,2.80,5.00,1.67,2.10,Bolt Arena (Helsinki)
1724590800,Aug 25 2024 - 1:00pm,complete,N/A,KuPS,Mariehamn,Mohammad Al Emara,21,2.67,0.70,2.57,0.71,3,0,3,1,1,0,"35,51,85","",17,4,2,0,1,0,1,1,1,0,22,6,11,4,9,2,14,5,50,50,1.53,1.03,2.73,1.10,2.80,59,84,64,22,11,21,79,53,89,8.96,3.88,1.30,4.60,7.50,1.25,1.70,3.00,4.70,2.12,1.70,Väre Areena (Kuopio)
1724599800,Aug 25 2024 - 3:30pm,complete,N/A,Lahti,VPS,Oliver Reitala,21,1.20,1.30,1.31,1.43,0,0,0,0,0,0,"","",2,2,1,0,2,1,0,1,0,3,13,3,5,2,6,1,10,14,50,50,1.51,1.35,1.49,0.69,3.15,65,90,80,35,10,55,75,50,85,10.10,5.00,2.85,3.50,2.30,1.22,1.75,2.84,5.20,1.62,2.20,Lahden Stadion (Lahti)
1724688000,Aug 26 2024 - 4:00pm,complete,N/A,SJK,Gnistan,Joona Manninen,21,2.10,1.00,1.57,1.13,0,1,1,1,0,1,"","16",9,2,3,0,2,0,1,2,1,1,19,9,8,4,11,5,6,8,50,50,1.92,1.51,2.35,1.12,3.85,80,85,65,50,25,65,90,55,75,11.40,5.30,1.61,3.80,4.20,1.15,1.55,2.38,4.10,1.58,2.29,OmaSP Stadion (Seinäjoki)
1725195600,Sep 01 2024 - 1:00pm,complete,N/A,KuPS,Inter Turku,Peiman Simani,22,2.70,0.70,2.57,0.93,1,2,3,3,1,2,"38","12,26",9,4,2,0,2,0,0,2,1,1,14,12,6,5,8,7,14,8,50,50,1.65,1.66,1.80,1.50,2.95,50,70,65,40,15,35,75,45,75,13.10,3.80,1.73,3.60,4.20,1.21,1.77,2.76,5.05,1.70,2.00,Väre Areena (Kuopio)
1725195600,Sep 01 2024 - 1:00pm,complete,N/A,Haka,Lahti,Ville Nevalainen,22,1.80,0.50,1.44,0.50,1,1,2,1,0,1,"72","41",8,4,3,0,2,0,0,3,0,2,18,12,10,3,6,9,16,15,50,50,1.60,0.93,2.19,1.25,3.15,55,80,60,30,15,40,75,45,85,8.90,4.40,1.76,3.90,3.95,1.18,1.66,2.54,4.55,1.63,2.20,Tehtaan kenttä (Valkeakoski)
1725195600,Sep 01 2024 - 1:00pm,complete,N/A,Gnistan,Ilves,Joni Hyytiä,22,1.60,1.50,1.71,1.69,1,1,2,0,0,0,"61","77",7,7,3,0,4,0,0,3,3,1,11,9,3,3,8,5,18,5,50,50,1.63,1.60,1.42,1.17,2.40,40,70,45,15,5,40,70,25,80,10.90,4.30,3.30,3.90,1.94,1.11,1.55,2.43,4.00,1.53,2.38,Bolt Arena (Helsinki)
1725195600,Sep 01 2024 - 1:00pm,complete,N/A,EIF,SJK,N/A,22,0.50,1.40,0.77,1.47,1,1,2,0,0,0,"68","82",3,9,4,0,1,0,2,2,0,1,11,22,4,8,6,12,22,14,50,50,1.20,1.52,1.17,2.47,3.00,55,90,65,25,10,30,65,55,90,9.70,5.50,4.50,4.35,1.60,1.08,1.42,2.23,3.80,1.62,2.20,Ekenäs Sparbank Arena TN (Raasepori (Raseborg))
1725195600,Sep 01 2024 - 1:00pm,complete,N/A,Mariehamn,Oulu,Oliver Reitala,22,1.00,0.60,1.23,0.54,2,1,3,1,0,1,"47,53","28",10,10,3,1,4,0,2,2,1,3,22,10,10,3,10,6,12,13,50,50,1.28,1.44,2.37,1.04,3.20,65,85,65,40,25,45,75,50,75,8.30,4.80,2.50,3.25,2.70,1.32,2.04,3.50,6.25,1.80,1.91,Wiklöf Holding Arena (Maarianhamina (Mariehamn)- Ahvenanmaa (Åland))
1725195600,Sep 01 2024 - 1:00pm,complete,N/A,VPS,HJK,Mohammad Al Emara,22,1.80,1.40,1.36,1.38,1,3,4,2,1,1,"5","10,50,84",2,10,1,0,2,0,0,1,1,1,7,12,3,7,4,5,9,6,37,63,1.81,1.70,0.00,0.00,3.25,70,90,70,40,20,45,80,60,85,11.80,3.00,3.00,3.60,2.14,1.25,1.77,2.80,5.00,1.65,2.10,Lemonsoft Stadion (Vaasa)
1726239600,Sep 13 2024 - 3:00pm,complete,N/A,Inter Turku,EIF,Dennis Antamo,1,1.91,0.64,2.00,0.64,1,1,2,0,0,0,"55","90'3",7,2,1,0,3,0,0,1,2,1,10,6,7,2,3,2,10,16,50,50,1.65,1.29,1.66,0.72,3.37,60,91,78,46,23,50,82,73,91,9.28,4.45,1.20,6.00,10.00,1.15,1.44,2.20,3.71,1.89,1.85,Veritas Stadion (Turku (Åbo))
1726315200,Sep 14 2024 - 12:00pm,complete,N/A,HJK,SJK,Joona Manninen,1,2.36,1.36,1.93,1.47,2,2,4,2,1,1,"45'1,68","42,90'2",9,6,2,0,2,0,0,2,1,1,33,18,6,4,16,11,9,8,50,50,1.91,1.60,2.30,1.71,2.78,50,82,60,32,9,27,69,60,82,13.55,3.46,1.73,3.75,4.20,1.13,1.53,2.38,3.75,1.53,2.38,Bolt Arena (Helsinki)
1726322400,Sep 14 2024 - 2:00pm,complete,N/A,Ilves,Haka,Oliver Reitala,1,2.09,1.45,2.29,1.33,3,2,5,1,0,1,"59,76,87","31,57",5,2,0,0,4,1,0,0,0,5,21,10,9,6,12,4,10,16,50,50,1.75,1.28,2.50,1.39,3.50,45,87,73,41,32,64,91,41,87,10.54,5.36,1.60,4.20,4.70,1.12,1.45,2.26,3.58,1.56,2.33,Tammelan Stadion (Tampere)
1726322400,Sep 14 2024 - 2:00pm,complete,N/A,Oulu,Lahti,Ville Nevalainen,1,1.36,0.55,1.50,0.50,3,0,3,0,0,0,"58,87,90'1","",3,5,2,1,4,0,1,2,2,2,18,14,6,2,6,11,19,23,50,50,1.16,0.96,1.55,1.47,2.41,45,64,41,18,5,36,64,32,69,6.64,4.64,2.30,3.20,2.90,1.29,1.91,3.34,6.35,1.70,2.05,Raatin stadion (Oulu)
1726329600,Sep 14 2024 - 4:00pm,complete,N/A,KuPS,VPS,Peiman Simani,1,2.45,1.27,2.57,1.43,3,1,4,1,1,0,"4,55,80","58",4,2,1,0,0,0,1,0,0,0,8,10,5,4,3,4,7,5,50,50,1.67,1.29,1.19,1.10,2.91,69,78,78,32,14,36,64,60,78,11.73,4.18,1.56,4.18,5.65,1.23,1.73,2.83,5.26,1.73,2.00,Väre Areena (Kuopio)
1726401600,Sep 15 2024 - 12:00pm,complete,N/A,Gnistan,Mariehamn,Antti Munukka,1,1.55,0.64,1.71,0.71,2,1,3,1,1,0,"27,46","51",7,13,1,0,1,0,0,1,0,1,17,30,4,5,11,14,5,6,50,50,1.61,1.04,1.62,2.17,2.55,45,91,64,5,0,37,82,46,87,8.72,4.18,1.67,3.85,4.50,1.24,1.80,2.89,5.43,1.75,2.01,Bolt Arena (Helsinki)
1726758000,Sep 19 2024 - 3:00pm,complete,N/A,Lahti,Mariehamn,Mohammad Al Emara,2,1.18,0.58,1.31,0.71,2,1,3,2,2,0,"8,12","88",6,5,3,0,2,0,0,3,1,1,15,17,5,4,8,11,19,8,50,50,1.51,1.13,1.71,1.87,2.79,48,91,66,18,5,36,87,43,87,8.98,4.47,2.20,3.10,3.25,1.34,1.95,3.57,7.00,1.85,1.95,Lahden Stadion (Lahti)
1726844400,Sep 20 2024 - 3:00pm,complete,N/A,Haka,SJK,Petri Viljanen,2,1.73,1.33,1.44,1.47,0,3,3,2,0,2,"","3,36,68",5,5,1,0,1,0,0,1,0,1,17,16,8,10,9,6,11,12,50,50,1.66,1.61,2.09,2.10,3.13,66,92,61,35,13,35,75,56,87,12.94,4.65,3.10,3.60,1.95,1.16,1.45,2.10,4.00,1.45,2.65,Tehtaan kenttä (Valkeakoski)
1726851600,Sep 20 2024 - 5:00pm,complete,N/A,VPS,HJK,Antti Munukka,2,1.64,1.55,1.36,1.38,1,1,2,1,0,1,"72","33",8,4,3,0,5,0,1,2,0,5,21,13,7,3,13,9,11,15,50,50,1.81,1.70,2.20,1.44,3.32,73,91,73,46,18,50,82,64,87,11.82,3.00,4.70,4.00,1.62,1.20,1.58,2.60,4.50,1.60,2.30,Lemonsoft Stadion (Vaasa)
1727010000,Sep 22 2024 - 1:00pm,complete,N/A,EIF,Gnistan,Joni Hyytiä,2,0.55,1.18,0.77,1.13,3,1,4,3,2,1,"6,20,46","32",3,5,5,0,4,0,1,4,2,2,16,13,7,7,7,6,9,13,50,50,1.20,1.47,1.78,1.85,3.19,69,82,55,27,18,41,78,50,78,8.45,6.46,4.75,4.00,1.63,1.19,1.69,2.53,4.45,1.62,2.20,Ekenäs Sparbank Arena TN (Raasepori (Raseborg))
1727190000,Sep 24 2024 - 3:00pm,complete,N/A,Oulu,Inter Turku,Antti Munukka,2,1.50,0.91,1.50,0.93,1,0,1,1,1,0,"15","",4,13,1,0,3,0,0,1,0,3,14,18,4,3,6,11,12,7,50,50,1.19,1.64,1.10,1.83,2.46,44,66,49,22,5,40,70,30,61,9.93,4.92,2.70,3.20,2.30,1.25,1.85,3.00,5.50,1.70,2.05,Raatin stadion (Oulu)
1727193600,Sep 24 2024 - 4:00pm,complete,N/A,Ilves,KuPS,Mohammad Al Emara,2,2.17,1.55,2.29,1.54,1,0,1,1,1,0,"37","",2,3,1,0,2,0,0,1,1,1,13,17,4,3,8,12,9,11,50,50,1.82,1.68,1.50,1.55,3.36,62,83,69,47,25,51,87,48,87,11.90,3.25,2.32,3.42,2.87,1.25,1.75,3.00,5.50,1.62,2.20,Tammelan Stadion (Tampere)
1727449200,Sep 27 2024 - 3:00pm,complete,N/A,Gnistan,Oulu,Petri Viljanen,3,1.67,0.55,1.71,0.54,1,0,1,0,0,0,"53","",2,5,2,0,2,0,1,1,1,1,12,11,5,4,7,7,9,12,50,50,1.61,1.40,1.46,1.29,3.12,66,92,70,22,18,43,83,58,79,9.78,4.17,1.95,3.53,3.65,1.14,1.62,2.60,4.80,1.53,2.38,Bolt Arena (Helsinki)
1727523000,Sep 28 2024 - 11:30am,complete,N/A,SJK,VPS,Joni Hyytiä,3,1.91,1.17,1.57,1.43,1,4,5,1,0,1,"81","43,52,67,84",5,4,2,0,2,0,0,2,0,2,14,9,7,6,6,2,13,7,50,50,1.96,1.28,1.81,1.11,3.28,74,83,74,39,13,49,75,61,83,10.76,4.53,1.61,4.45,4.80,1.09,1.43,2.19,3.34,1.51,2.45,OmaSP Stadion (Seinäjoki)
1727532000,Sep 28 2024 - 2:00pm,complete,N/A,Mariehamn,EIF,Peiman Simani,3,1.18,0.67,1.23,0.64,3,0,3,1,1,0,"44,61,87","",5,2,2,0,1,1,1,1,1,1,15,5,7,0,8,5,7,11,50,50,1.38,1.24,1.86,0.66,3.03,61,83,70,43,21,48,70,56,83,8.58,5.08,1.68,3.90,4.57,1.19,1.72,2.69,4.75,1.73,2.03,Wiklöf Holding Arena (Maarianhamina (Mariehamn)- Ahvenanmaa (Åland))
1727541000,Sep 28 2024 - 4:30pm,complete,N/A,HJK,Ilves,Oliver Reitala,3,2.25,1.45,1.93,1.69,0,1,1,0,0,0,"","82",2,5,5,0,1,0,1,4,0,1,10,15,0,5,9,9,9,11,50,50,1.94,1.56,0.96,1.72,2.47,48,70,38,26,9,22,69,43,87,12.99,3.94,2.28,3.56,2.83,1.16,1.70,2.48,4.30,1.55,2.36,Bolt Arena (Helsinki)
1727614800,Sep 29 2024 - 1:00pm,complete,N/A,KuPS,Haka,Joona Manninen,3,2.50,1.33,2.57,1.33,2,0,2,0,0,0,"53,90'4","",5,2,2,0,2,0,1,1,0,2,14,11,4,4,10,7,7,13,50,50,1.63,1.29,1.65,1.29,3.08,59,79,71,38,21,34,84,50,79,10.75,4.83,1.36,4.87,7.12,1.14,1.57,2.40,4.50,1.73,2.00,Väre Areena (Kuopio)
1727708400,Sep 30 2024 - 3:00pm,complete,N/A,Inter Turku,Lahti,N/A,3,1.83,0.50,2.00,0.50,3,1,4,1,1,0,"35,60,71","75",5,2,1,0,2,1,0,1,1,2,23,9,9,5,14,4,7,14,50,50,1.65,1.00,2.62,1.18,3.00,50,84,63,29,8,42,67,59,88,8.67,4.25,1.58,4.20,5.00,1.17,1.60,2.54,4.50,1.73,2.03,Veritas Stadion (Turku (Åbo))
1728054000,Oct 04 2024 - 3:00pm,complete,N/A,VPS,Ilves,Peiman Simani,N/A,1.58,1.58,1.36,1.69,0,2,2,0,0,0,"","48,90'4",7,2,1,0,0,0,0,1,0,0,9,8,5,4,4,3,7,5,50,50,1.84,1.57,1.43,0.98,2.80,67,79,42,34,17,30,63,50,92,11.66,3.58,3.90,3.94,1.84,1.17,1.56,2.39,4.08,1.50,2.63,N/A
1728126000,Oct 05 2024 - 11:00am,complete,N/A,Gnistan,Lahti,Mohammad Al Emara,4,1.77,0.46,1.71,0.50,2,2,4,2,1,1,"36,63","18,46",9,6,0,0,0,0,0,0,0,0,17,12,6,7,10,4,12,5,50,50,1.60,1.02,1.96,1.65,2.69,46,77,62,20,4,42,66,42,81,8.07,4.16,1.65,3.90,4.20,1.14,1.63,2.60,4.80,1.57,2.25,Bolt Arena (Helsinki)
1728136800,Oct 05 2024 - 2:00pm,complete,N/A,SJK,KuPS,Dennis Antamo,4,1.75,1.42,1.57,1.54,0,1,1,0,0,0,"","69",4,3,3,0,2,1,0,3,1,2,11,5,6,4,5,1,14,10,50,50,1.95,1.67,1.51,1.09,3.09,71,75,59,42,13,38,88,50,79,11.58,3.41,2.80,3.60,2.15,1.14,1.58,2.40,4.80,1.50,2.50,OmaSP Stadion (Seinäjoki)
1728136800,Oct 05 2024 - 2:00pm,complete,N/A,EIF,Oulu,Joni Hyytiä,4,0.75,0.50,0.77,0.54,1,1,2,1,1,0,"45'2","75",7,4,3,1,3,1,2,2,0,4,9,13,6,3,3,10,16,11,50,50,1.25,1.39,1.32,1.38,3.21,71,92,63,25,21,29,75,59,92,7.67,5.75,3.25,3.70,1.91,1.18,1.73,2.65,4.75,1.64,2.17,Ekenäs Sparbank Arena TN (Raasepori (Raseborg))
1728221400,Oct 06 2024 - 1:30pm,complete,N/A,Mariehamn,Inter Turku,Oliver Reitala,N/A,1.33,0.83,1.23,0.93,0,1,1,0,0,0,"","61",5,3,0,0,2,0,0,0,1,1,9,9,2,2,7,7,15,9,50,50,1.42,1.66,1.25,1.02,2.71,46,71,63,33,8,46,75,34,67,11.75,5.00,3.75,3.30,1.85,1.25,1.80,3.20,6.50,1.67,2.10,N/A
1728228600,Oct 06 2024 - 3:30pm,complete,N/A,HJK,Haka,Antti Munukka,4,2.08,1.23,1.93,1.33,0,1,1,1,0,1,"","36",11,3,0,0,5,0,0,0,1,4,18,9,5,7,13,2,8,6,50,50,1.87,1.29,2.15,1.32,2.77,46,77,58,31,16,31,81,50,85,10.61,4.85,1.42,4.70,6.10,1.11,1.50,2.35,3.64,1.70,2.08,Bolt Arena (Helsinki)
1729335600,Oct 19 2024 - 11:00am,complete,N/A,Inter Turku,Gnistan,Petri Viljanen,5,1.92,1.08,2.00,1.13,3,2,5,2,2,0,"28,31,51","55,90",6,2,2,0,5,0,1,1,1,4,15,10,8,7,7,3,6,12,50,50,1.73,1.50,1.89,1.34,3.37,69,84,64,44,17,53,85,60,75,10.79,5.23,2.02,3.37,3.23,1.20,1.60,2.65,4.75,1.57,2.25,Veritas Stadion (Turku (Åbo))
1729335600,Oct 19 2024 - 11:00am,complete,N/A,Oulu,Mariehamn,Ville Nevalainen,5,1.62,0.54,1.50,0.71,1,2,3,2,1,1,"38","28,70",4,5,1,0,1,0,1,0,0,1,14,17,4,6,7,7,13,12,50,50,1.18,1.19,1.27,1.67,2.31,46,77,50,4,0,23,77,43,77,8.08,4.69,2.27,3.24,2.83,1.28,1.86,3.20,6.00,1.67,2.10,Raatin stadion (Oulu)
1729335600,Oct 19 2024 - 11:00am,complete,N/A,Lahti,EIF,Oliver Reitala,5,1.33,0.62,1.31,0.64,0,0,0,0,0,0,"","",3,5,2,0,1,0,1,1,0,1,12,15,5,4,7,11,7,8,50,50,1.53,1.20,1.31,1.52,3.15,56,88,72,40,20,52,80,51,84,8.29,4.66,1.26,5.13,7.53,1.17,1.61,2.15,4.20,1.91,1.91,Lahden Stadion (Lahti)
1729350000,Oct 19 2024 - 3:00pm,complete,8543,KuPS,HJK,Peiman Simani,5,2.54,1.50,2.57,1.38,1,0,1,1,1,0,"17","",4,5,1,0,3,0,0,1,1,2,10,13,7,6,2,5,6,10,45,55,1.63,1.67,1.31,1.54,3.00,60,80,68,36,12,37,81,52,80,12.54,3.85,1.51,4.29,5.40,1.22,1.70,2.90,5.00,1.80,1.95,Väre Areena (Kuopio)
1729350000,Oct 19 2024 - 3:00pm,complete,N/A,Ilves,SJK,Mohammad Al Emara,5,2.23,1.46,2.29,1.47,4,0,4,1,1,0,"14,65,72,88","",1,10,2,0,1,0,1,1,1,0,11,9,8,5,2,3,8,7,52,48,1.79,1.65,1.41,1.09,3.50,50,89,73,46,27,58,77,54,85,12.31,4.00,1.46,4.47,5.10,1.11,1.36,2.03,3.20,1.50,2.50,Tammelan Stadion (Tampere)
1729350000,Oct 19 2024 - 3:00pm,complete,N/A,Haka,VPS,Joni Hyytiä,5,1.58,1.31,1.44,1.43,2,3,5,2,1,1,"14,48","10,62,90",8,5,2,0,3,0,0,2,0,3,14,11,7,9,7,2,7,14,55,45,1.69,1.26,1.63,1.58,3.13,72,89,72,32,16,36,77,56,89,10.79,4.73,3.05,3.45,2.32,1.18,1.78,2.50,4.50,1.50,2.50,Tehtaan kenttä (Valkeakoski)
1729695600,Oct 23 2024 - 3:00pm,complete,N/A,VPS,Gnistan,N/A,N/A,1.44,1.37,1.39,1.41,0,1,1,0,0,0,"","78",1,5,1,1,4,0,1,1,1,3,4,3,2,2,2,1,11,13,46,54,1.53,1.56,0.73,0.72,3.17,72,86,69,39,19,50,74,59,80,10.41,4.30,2.31,3.06,2.63,1.25,1.65,2.90,5.27,1.61,2.32,N/A
1729695600,Oct 23 2024 - 3:00pm,complete,N/A,Haka,Inter Turku,Dennis Antamo,N/A,1.41,1.52,1.39,1.46,2,1,3,1,0,1,"73,114","40",4,6,1,0,4,0,1,0,0,4,13,13,4,7,9,6,13,16,49,51,1.48,1.68,1.42,1.72,3.02,54,82,61,34,17,41,84,48,82,11.11,5.00,3.30,3.60,2.17,1.25,1.75,2.90,5.00,1.62,2.37,N/A
1729951200,Oct 26 2024 - 2:00pm,complete,N/A,Haka,Gnistan,N/A,N/A,1.46,1.43,1.39,1.41,3,3,6,1,1,0,"32,89,115","68,83,108",4,9,0,0,1,0,0,0,0,1,13,14,7,5,6,9,13,12,47,53,1.48,1.53,0.00,0.00,3.04,59,81,61,31,18,47,84,45,79,10.22,5.36,2.55,3.30,2.65,1.22,1.66,3.20,5.80,1.66,2.25,N/A
1730304000,Oct 30 2024 - 4:00pm,complete,N/A,Haka,SJK,Joni Hyytiä,N/A,1.45,1.48,1.39,1.52,1,2,3,1,0,1,"66","45,80",6,1,3,0,1,0,2,1,0,1,10,9,4,4,6,5,14,23,57,43,1.48,1.76,1.30,1.35,3.25,59,86,65,38,20,39,82,54,86,11.33,4.76,2.39,3.58,2.44,1.15,1.62,2.39,4.30,1.54,2.48,Tehtaan kenttä (Valkeakoski)
1730550600,Nov 02 2024 - 12:30pm,complete,N/A,SJK,Haka,Oliver Reitala,N/A,1.54,1.40,1.52,1.39,2,2,4,1,1,0,"35,88","90'1,90'3",3,7,3,0,2,0,1,2,0,2,20,19,9,4,10,15,18,9,45,55,1.74,1.48,2.11,1.94,3.25,61,87,66,37,19,38,83,56,87,11.17,4.74,1.54,4.35,4.73,1.17,1.49,2.30,4.33,1.63,2.20,OmaSP Stadion (Seinäjoki)
